{
    "bfs": 1.0880623507621077,
    "sssp": 1.3400675466788587,
    "bc": 1.353197573938209,
    "cc": 1.3924179808925052,
    "Geomean": 1.287442455338785
}