{
    "bfs": [
        0.9612050481868253,
        0.970859168836388,
        0.9761059082253116,
        0.9818748676184634,
        0.9795850755138049
    ],
    "sssp": [
        0.7493904330848435,
        0.818884668773463,
        0.8673165288545339,
        0.9246508797977796,
        0.9030781355836479
    ],
    "bc": [
        0.7692183619557426,
        0.8310533033793872,
        0.8790824042036876,
        0.9382015363371139,
        0.9158247528131694
    ],
    "cc": [
        0.6880355101665322,
        0.7708577478345083,
        0.8310155987616137,
        0.9077494072524548,
        0.8791596978700887
    ],
    "Geomean": [
        0.7857713154122052,
        0.8447836981844274,
        0.8868054059793986,
        0.9377217971470826,
        0.9186750232057583
    ]
}