{
    "bfs": [
        1955266.0,
        1877664.5,
        1855457.25,
        1797643.4375,
        1821284.0625,
        1703984.6875
    ],
    "sssp": [
        3794866.8125,
        3246191.1875,
        2967329.625,
        2620549.1875,
        2743742.0,
        2214341.6875
    ],
    "bc": [
        8067036.25,
        6932959.125,
        6438600.5625,
        5632789.0625,
        5935188.4375,
        4756914.6875
    ],
    "cc": [
        4455282.125,
        3709907.5625,
        3288119.5625,
        2825326.125,
        2986367.4375,
        2361398.75
    ],
    "average": [
        4568112.796875,
        3941680.59375,
        3637376.75,
        3219076.953125,
        3371645.484375,
        2759159.953125
    ]
}