{
    "bfs": 0.9795850755138049,
    "sssp": 0.9030781355836479,
    "bc": 0.9158247528131694,
    "cc": 0.8791596978700887,
    "Geomean": 0.9186750232057583
}