{
    "bfs": 0.9818748676184634,
    "sssp": 0.9246508797977796,
    "bc": 0.9382015363371139,
    "cc": 0.9077494072524548,
    "Geomean": 0.9377217971470826
}