{
    "bfs": 0.9612050481868253,
    "sssp": 0.7493904330848435,
    "bc": 0.7692183619557426,
    "cc": 0.6880355101665322,
    "Geomean": 0.7857713154122052
}