{
    "bfs": 125231.57954525,
    "sssp": 739912.65909075,
    "cc": 955990.818182,
    "bc": 1590986.7386367498,
    "average": 853030.4488636875
}