{
    "bfs": 68392.54545475,
    "sssp": 312949.875,
    "cc": 363609.93181800004,
    "bc": 706120.97727275,
    "average": 362768.33238637506
}