{
    "bfs": 96237.23863625001,
    "sssp": 512499.82954525005,
    "cc": 634391.340909,
    "bc": 1118383.2045455,
    "average": 590377.903409
}