{
    "bfs": 104248.82954524999,
    "sssp": 613808.590909,
    "cc": 788043.784091,
    "bc": 1298371.0113635,
    "average": 701118.0539771875
}