{
    "bfs": [
        68392.54545475,
        96237.23863625001,
        104248.82954524999,
        125231.57954525,
        116639.05681799998,
        159182.749
    ],
    "sssp": [
        312949.875,
        512499.82954525005,
        613808.590909,
        739912.65909075,
        695139.9204545,
        888345.8977270001
    ],
    "cc": [
        363609.93181800004,
        634391.340909,
        788043.784091,
        955990.818182,
        897164.931818,
        1124591.6704545
    ],
    "bc": [
        706120.97727275,
        1118383.2045455,
        1298371.0113635,
        1590986.7386367498,
        1481325.5227272501,
        1910528.75000025
    ],
    "average": [
        362768.33238637506,
        590377.903409,
        701118.0539771875,
        853030.4488636875,
        797567.3579544376,
        1020662.2670453751
    ]
}