{
    "bfs": 0.970859168836388,
    "sssp": 0.818884668773463,
    "bc": 0.8310533033793872,
    "cc": 0.7708577478345083,
    "Geomean": 0.8447836981844274
}