{
    "bfs": 0.6525664085310844,
    "sssp": 0.6909568765985482,
    "cc": 0.7007440734310861,
    "bc": 0.6786643143736087,
    "Geomean": 0.6804912201180676
}