{
    "bfs": 116639.05681799998,
    "sssp": 695139.9204545,
    "cc": 897164.931818,
    "bc": 1481325.5227272501,
    "average": 797567.3579544376
}