{
    "bfs": 159182.74999975,
    "sssp": 888345.8977270001,
    "cc": 1124591.6704545,
    "bc": 1910528.75000025,
    "average": 1020662.2670453751
}